"Status","Name","Duration in ms","Description"
"passed","test_calc_by_param.TestCalcByParam#test_sub","1",""
"passed","test_calc_by_param.TestCalcByParam#test_mul","1",""
"passed","test_calc_by_param.TestCalcByParam#test_sub","0",""
"passed","test_calc_by_param.TestCalcByParam#test_sub","1",""
"passed","test_calc_by_param.TestCalcByParam#test_div","1",""
"passed","test_calc_by_param.TestCalcByParam#test_sub","1",""
"passed","test_calc_by_param.TestCalcByParam#test_mul","1",""
"passed","test_calc_by_param.TestCalcByParam#test_add","0",""
"passed","test_calc_by_param.TestCalcByParam#test_div","1",""
"passed","test_calc_by_param.TestCalcByParam#test_add","1",""
"passed","test_calc_by_param.TestCalcByParam#test_mul","0",""
"passed","test_calc_by_param.TestCalcByParam#test_div","0",""
"passed","test_calc_by_param.TestCalcByParam#test_mul","0",""
"passed","test_calc_by_param.TestCalcByParam#test_add","1",""
"passed","test_calc_by_param.TestCalcByParam#test_sub","0",""
"passed","test_calc_by_param.TestCalcByParam#test_div","0",""
"passed","test_calc_by_param.TestCalcByParam#test_mul","0",""
"passed","test_calc_by_param.TestCalcByParam#test_add","1",""
"passed","test_calc_by_param.TestCalcByParam#test_add","1",""
"passed","test_calc_by_param.TestCalcByParam#test_div","1",""
